Season,Seed,TeamID,Region,Num
1985,W01,1207,W,1
1985,W02,1210,W,2
1985,W03,1228,W,3
1985,W04,1260,W,4
1985,W05,1374,W,4
1985,W06,1208,W,6
1985,W07,1393,W,7
1985,W08,1396,W,8
1985,W09,1439,W,9
1985,W10,1177,W,10
1985,W11,1455,W,11
1985,W12,1330,W,12
1985,W13,1233,W,13
1985,W14,1318,W,14
1985,W15,1273,W,15
1985,W16,1250,W,16
1985,X01,1385,X,1
1985,X02,1433,X,2
1985,X03,1301,X,3
1985,X04,1424,X,4
1985,X05,1449,X,4
1985,X06,1409,X,6
1985,X07,1104,X,7
1985,X08,1234,X,8
1985,X09,1116,X,9
1985,X10,1112,X,10
1985,X11,1431,X,11
1985,X12,1246,X,12
1985,X13,1361,X,13
1985,X14,1305,X,14
1985,X15,1267,X,15
1985,X16,1380,X,16
1985,Y01,1328,Y,1
1985,Y02,1272,Y,2
1985,Y03,1181,Y,3
1985,Y04,1326,Y,4
1985,Y05,1256,Y,4
1985,Y06,1403,Y,6
1985,Y07,1412,Y,7
1985,Y08,1425,Y,8
1985,Y09,1229,Y,9
1985,Y10,1277,Y,10
1985,Y11,1130,Y,11
1985,Y12,1338,Y,12
1985,Y13,1235,Y,13
1985,Y14,1337,Y,14
1985,Y15,1335,Y,15
1985,Y16,1299,Y,16
1985,Z01,1276,Z,1
1985,Z02,1314,Z,2
1985,Z03,1242,Z,3
1985,Z04,1261,Z,4
1985,Z05,1268,Z,4
1985,Z06,1345,Z,6
1985,Z07,1323,Z,7
1985,Z08,1437,Z,8
1985,Z09,1173,Z,9
1985,Z10,1333,Z,10
1985,Z11,1120,Z,11
1985,Z12,1275,Z,12
1985,Z13,1298,Z,13
1985,Z14,1325,Z,14
1985,Z15,1292,Z,15
1985,Z16,1192,Z,16
1986,W01,1181,W,1
1986,W02,1393,W,2
1986,W03,1231,W,3
1986,W04,1328,W,4
1986,W05,1438,W,4
1986,W06,1386,W,6
1986,W07,1298,W,7
1986,W08,1330,W,8
1986,W09,1452,W,9
1986,W10,1409,W,10
1986,W11,1350,W,11
1986,W12,1177,W,12
1986,W13,1318,W,13
1986,W14,1156,W,14
1986,W15,1135,W,15
1986,W16,1290,W,16
1986,X01,1242,X,1
1986,X02,1276,X,2
1986,X03,1323,X,3
1986,X04,1207,X,4
1986,X05,1277,X,4
1986,X06,1301,X,6
1986,X07,1235,X,7
1986,X08,1239,X,8
1986,X09,1396,X,9
1986,X10,1275,X,10
1986,X11,1234,X,11
1986,X12,1449,X,12
1986,X13,1403,X,13
1986,X14,1114,X,14
1986,X15,1103,X,15
1986,X16,1299,X,16
1986,Y01,1246,Y,1
1986,Y02,1210,Y,2
1986,Y03,1272,Y,3
1986,Y04,1228,Y,4
1986,Y05,1104,Y,4
1986,Y06,1345,Y,6
1986,Y07,1439,Y,7
1986,Y08,1443,Y,8
1986,Y09,1304,Y,9
1986,Y10,1437,Y,10
1986,Y11,1261,Y,11
1986,Y12,1462,Y,12
1986,Y13,1193,Y,13
1986,Y14,1123,Y,14
1986,Y15,1265,Y,15
1986,Y16,1172,Y,16
1986,Z01,1385,Z,1
1986,Z02,1257,Z,2
1986,Z03,1314,Z,3
1986,Z04,1424,Z,4
1986,Z05,1268,Z,4
1986,Z06,1412,Z,6
1986,Z07,1133,Z,7
1986,Z08,1120,Z,8
1986,Z09,1112,Z,9
1986,Z10,1431,Z,10
1986,Z11,1281,Z,11
1986,Z12,1337,Z,12
1986,Z13,1419,Z,13
1986,Z14,1428,Z,14
1986,Z15,1180,Z,15
1986,Z16,1286,Z,16
1987,W01,1314,W,1
1987,W02,1393,W,2
1987,W03,1345,W,3
1987,W04,1395,W,4
1987,W05,1323,W,4
1987,W06,1196,W,6
1987,W07,1452,W,7
1987,W08,1298,W,8
1987,W09,1276,W,9
1987,W10,1443,W,10
1987,W11,1301,W,11
1987,W12,1292,W,12
1987,W13,1267,W,13
1987,W14,1318,W,14
1987,W15,1204,W,15
1987,W16,1335,W,16
1987,X01,1207,X,1
1987,X02,1104,X,2
1987,X03,1228,X,3
1987,X04,1155,X,4
1987,X05,1242,X,4
1987,X06,1344,X,6
1987,X07,1309,X,7
1987,X08,1246,X,8
1987,X09,1326,X,9
1987,X10,1140,X,10
1987,X11,1412,X,11
1987,X12,1222,X,12
1987,X13,1283,X,13
1987,X14,1122,X,14
1987,X15,1299,X,15
1987,X16,1137,X,16
1987,Y01,1231,Y,1
1987,Y02,1396,Y,2
1987,Y03,1177,Y,3
1987,Y04,1281,Y,4
1987,Y05,1181,Y,4
1987,Y06,1385,Y,6
1987,Y07,1210,Y,7
1987,Y08,1120,Y,8
1987,Y09,1360,Y,9
1987,Y10,1261,Y,10
1987,Y11,1455,Y,11
1987,Y12,1401,Y,12
1987,Y13,1462,Y,13
1987,Y14,1256,Y,14
1987,Y15,1380,Y,15
1987,Y16,1193,Y,16
1987,Z01,1424,Z,1
1987,Z02,1234,Z,2
1987,Z03,1338,Z,3
1987,Z04,1417,Z,4
1987,Z05,1438,Z,4
1987,Z06,1328,Z,6
1987,Z07,1431,Z,7
1987,Z08,1208,Z,8
1987,Z09,1243,Z,9
1987,Z10,1112,Z,10
1987,Z11,1409,Z,11
1987,Z12,1461,Z,12
1987,Z13,1141,Z,13
1987,Z14,1265,Z,14
1987,Z15,1365,Z,15
1987,Z16,1226,Z,16
1988,W01,1396,W,1
1988,W02,1181,W,2
1988,W03,1393,W,3
1988,W04,1231,W,4
1988,W05,1210,W,4
1988,W06,1281,W,6
1988,W07,1374,W,7
1988,W08,1207,W,8
1988,W09,1261,W,9
1988,W10,1323,W,10
1988,W11,1348,W,11
1988,W12,1235,W,12
1988,W13,1350,W,13
1988,W14,1299,W,14
1988,W15,1131,W,15
1988,W16,1250,W,16
1988,X01,1345,X,1
1988,X02,1338,X,2
1988,X03,1301,X,3
1988,X04,1243,X,4
1988,X05,1177,X,4
1988,X06,1242,X,6
1988,X07,1435,X,7
1988,X08,1124,X,8
1988,X09,1272,X,9
1988,X10,1429,X,10
1988,X11,1462,X,11
1988,X12,1455,X,12
1988,X13,1247,X,13
1988,X14,1293,X,14
1988,X15,1185,X,15
1988,X16,1192,X,16
1988,Y01,1328,Y,1
1988,Y02,1246,Y,2
1988,Y03,1228,Y,3
1988,Y04,1140,Y,4
1988,Y05,1257,Y,4
1988,Y06,1437,Y,6
1988,Y07,1268,Y,7
1988,Y08,1120,Y,8
1988,Y09,1133,Y,9
1988,Y10,1364,Y,10
1988,Y11,1116,Y,11
1988,Y12,1333,Y,12
1988,Y13,1150,Y,13
1988,Y14,1427,Y,14
1988,Y15,1380,Y,15
1988,Y16,1151,Y,16
1988,Z01,1112,Z,1
1988,Z02,1314,Z,2
1988,Z03,1276,Z,3
1988,Z04,1424,Z,4
1988,Z05,1234,Z,4
1988,Z06,1196,Z,6
1988,Z07,1461,Z,7
1988,Z08,1371,Z,8
1988,Z09,1431,Z,9
1988,Z10,1258,Z,10
1988,Z11,1385,Z,11
1988,Z12,1199,Z,12
1988,Z13,1283,Z,13
1988,Z14,1129,Z,14
1988,Z15,1317,Z,15
1988,Z16,1165,Z,16
1989,W01,1207,W,1
1989,W02,1181,W,2
1989,W03,1390,W,3
1989,W04,1234,W,4
1989,W05,1301,W,4
1989,W06,1243,W,6
1989,W07,1452,W,7
1989,W08,1435,W,8
1989,W09,1323,W,9
1989,W10,1397,W,10
1989,W11,1278,W,11
1989,W12,1376,W,12
1989,W13,1353,W,13
1989,W14,1373,W,14
1989,W15,1354,W,15
1989,W16,1343,W,16
1989,X01,1112,X,1
1989,X02,1231,X,2
1989,X03,1371,X,3
1989,X04,1424,X,4
1989,X05,1272,X,4
1989,X06,1333,X,6
1989,X07,1431,X,7
1989,X08,1388,X,8
1989,X09,1155,X,9
1989,X10,1261,X,10
1989,X11,1191,X,11
1989,X12,1177,X,12
1989,X13,1225,X,13
1989,X14,1283,X,14
1989,X15,1206,X,15
1989,X16,1352,X,16
1989,Y01,1228,Y,1
1989,Y02,1393,Y,2
1989,Y03,1281,Y,3
1989,Y04,1257,Y,4
1989,Y05,1116,Y,4
1989,Y06,1210,Y,6
1989,Y07,1196,Y,7
1989,Y08,1338,Y,8
1989,Y09,1123,Y,9
1989,Y10,1161,Y,10
1989,Y11,1400,Y,11
1989,Y12,1258,Y,12
1989,Y13,1114,Y,13
1989,Y14,1166,Y,14
1989,Y15,1137,Y,15
1989,Y16,1270,Y,16
1989,Z01,1328,Z,1
1989,Z02,1314,Z,2
1989,Z03,1276,Z,3
1989,Z04,1199,Z,4
1989,Z05,1438,Z,4
1989,Z06,1104,Z,6
1989,Z07,1417,Z,7
1989,Z08,1247,Z,8
1989,Z09,1256,Z,9
1989,Z10,1235,Z,10
1989,Z11,1375,Z,11
1989,Z12,1344,Z,12
1989,Z13,1292,Z,13
1989,Z14,1462,Z,14
1989,Z15,1380,Z,15
1989,Z16,1190,Z,16
1990,W01,1163,W,1
1990,W02,1242,W,2
1990,W03,1181,W,3
1990,W04,1247,W,4
1990,W05,1155,W,4
1990,W06,1385,W,6
1990,W07,1417,W,7
1990,W08,1231,W,8
1990,W09,1143,W,9
1990,W10,1412,W,10
1990,W11,1396,W,11
1990,W12,1140,W,12
1990,W13,1379,W,13
1990,W14,1350,W,14
1990,W15,1352,W,15
1990,W16,1131,W,16
1990,X01,1328,X,1
1990,X02,1345,X,2
1990,X03,1207,X,3
1990,X04,1116,X,4
1990,X05,1228,X,4
1990,X06,1462,X,6
1990,X07,1208,X,7
1990,X08,1314,X,8
1990,X09,1283,X,9
1990,X10,1400,X,10
1990,X11,1243,X,11
1990,X12,1173,X,12
1990,X13,1343,X,13
1990,X14,1411,X,14
1990,X15,1419,X,15
1990,X16,1406,X,16
1990,Y01,1277,Y,1
1990,Y02,1393,Y,2
1990,Y03,1281,Y,3
1990,Y04,1210,Y,4
1990,Y05,1261,Y,4
1990,Y06,1278,Y,6
1990,Y07,1438,Y,7
1990,Y08,1222,Y,8
1990,Y09,1364,Y,9
1990,Y10,1323,Y,10
1990,Y11,1431,Y,11
1990,Y12,1437,Y,12
1990,Y13,1190,Y,13
1990,Y14,1320,Y,14
1990,Y15,1164,Y,15
1990,Y16,1293,Y,16
1990,Z01,1424,Z,1
1990,Z02,1112,Z,2
1990,Z03,1276,Z,3
1990,Z04,1257,Z,4
1990,Z05,1333,Z,4
1990,Z06,1308,Z,6
1990,Z07,1104,Z,7
1990,Z08,1326,Z,8
1990,Z09,1344,Z,9
1990,Z10,1161,Z,10
1990,Z11,1258,Z,11
1990,Z12,1123,Z,12
1990,Z13,1225,Z,13
1990,Z14,1229,Z,14
1990,Z15,1378,Z,15
1990,Z16,1114,Z,16
1991,W01,1314,W,1
1991,W02,1393,W,2
1991,W03,1329,W,3
1991,W04,1417,W,4
1991,W05,1280,W,4
1991,W06,1301,W,6
1991,W07,1345,W,7
1991,W08,1343,W,8
1991,W09,1437,W,9
1991,W10,1396,W,10
1991,W11,1379,W,11
1991,W12,1185,W,12
1991,W13,1336,W,13
1991,W14,1307,W,14
1991,W15,1350,W,15
1991,W16,1318,W,16
1991,X01,1116,X,1
1991,X02,1231,X,2
1991,X03,1242,X,3
1991,X04,1104,X,4
1991,X05,1448,X,4
1991,X06,1338,X,6
1991,X07,1199,X,7
1991,X08,1113,X,8
1991,X09,1353,X,9
1991,X10,1425,X,10
1991,X11,1208,X,11
1991,X12,1256,X,12
1991,X13,1293,X,13
1991,X14,1309,X,14
1991,X15,1157,X,15
1991,X16,1209,X,16
1991,Y01,1326,Y,1
1991,Y02,1181,Y,2
1991,Y03,1304,Y,3
1991,Y04,1385,Y,4
1991,Y05,1400,Y,4
1991,Y06,1261,Y,6
1991,Y07,1234,Y,7
1991,Y08,1210,Y,8
1991,Y09,1177,Y,9
1991,Y10,1190,Y,10
1991,Y11,1163,Y,11
1991,Y12,1389,Y,12
1991,Y13,1296,Y,13
1991,Y14,1462,Y,14
1991,Y15,1419,Y,15
1991,Y16,1406,Y,16
1991,Z01,1424,Z,1
1991,Z02,1112,Z,2
1991,Z03,1371,Z,3
1991,Z04,1428,Z,4
1991,Z05,1277,Z,4
1991,Z06,1308,Z,6
1991,Z07,1438,Z,7
1991,Z08,1207,Z,8
1991,Z09,1435,Z,9
1991,Z10,1140,Z,10
1991,Z11,1166,Z,11
1991,Z12,1453,Z,12
1991,Z13,1375,Z,13
1991,Z14,1337,Z,14
1991,Z15,1384,Z,15
1991,Z16,1285,Z,16
1992,W01,1181,W,1
1992,W02,1246,W,2
1992,W03,1269,W,3
1992,W04,1371,W,4
1992,W05,1281,W,4
1992,W06,1393,W,6
1992,W07,1150,W,7
1992,W08,1400,W,8
1992,W09,1234,W,9
1992,W10,1235,W,10
1992,W11,1343,W,11
1992,W12,1452,W,12
1992,W13,1247,W,13
1992,W14,1200,W,14
1992,W15,1330,W,15
1992,W16,1144,W,16
1992,X01,1417,X,1
1992,X02,1231,X,2
1992,X03,1199,X,3
1992,X04,1328,X,4
1992,X05,1177,X,4
1992,X06,1207,X,6
1992,X07,1261,X,7
1992,X08,1257,X,8
1992,X09,1448,X,9
1992,X10,1140,X,10
1992,X11,1378,X,11
1992,X12,1308,X,12
1992,X13,1418,X,13
1992,X14,1285,X,14
1992,X15,1183,X,15
1992,X16,1352,X,16
1992,Y01,1242,Y,1
1992,Y02,1425,Y,2
1992,Y03,1116,Y,3
1992,Y04,1153,Y,4
1992,Y05,1277,Y,4
1992,Y06,1272,Y,6
1992,Y07,1210,Y,7
1992,Y08,1191,Y,8
1992,Y09,1431,Y,9
1992,Y10,1222,Y,10
1992,Y11,1337,Y,11
1992,Y12,1283,Y,12
1992,Y13,1174,Y,13
1992,Y14,1293,Y,14
1992,Y15,1419,Y,15
1992,Y16,1224,Y,16
1992,Z01,1326,Z,1
1992,Z02,1329,Z,2
1992,Z03,1112,Z,3
1992,Z04,1314,Z,4
1992,Z05,1104,Z,4
1992,Z06,1276,Z,6
1992,Z07,1385,Z,7
1992,Z08,1304,Z,8
1992,Z09,1163,Z,9
1992,Z10,1408,Z,10
1992,Z11,1396,Z,11
1992,Z12,1390,Z,12
1992,Z13,1275,Z,13
1992,Z14,1190,Z,14
1992,Z15,1204,Z,15
1992,Z16,1290,Z,16
1993,W01,1314,W,1
1993,W02,1153,W,2
1993,W03,1269,W,3
1993,W04,1116,W,4
1993,W05,1385,W,4
1993,W06,1438,W,6
1993,W07,1308,W,7
1993,W08,1348,W,8
1993,W09,1345,W,9
1993,W10,1304,W,10
1993,W11,1264,W,11
1993,W12,1403,W,12
1993,W13,1221,W,13
1993,W14,1335,W,14
1993,W15,1164,W,15
1993,W16,1187,W,16
1993,X01,1231,X,1
1993,X02,1242,X,2
1993,X03,1181,X,3
1993,X04,1257,X,4
1993,X05,1329,X,4
1993,X06,1143,X,6
1993,X07,1140,X,7
1993,X08,1309,X,8
1993,X09,1462,X,9
1993,X10,1374,X,10
1993,X11,1261,X,11
1993,X12,1266,X,12
1993,X13,1174,X,13
1993,X14,1356,X,14
1993,X15,1123,X,15
1993,X16,1460,X,16
1993,Y01,1246,Y,1
1993,Y02,1371,Y,2
1993,Y03,1199,Y,3
1993,Y04,1234,Y,4
1993,Y05,1448,Y,4
1993,Y06,1243,Y,6
1993,Y07,1443,Y,7
1993,Y08,1428,Y,8
1993,Y09,1338,Y,9
1993,Y10,1272,Y,10
1993,Y11,1408,Y,11
1993,Y12,1151,Y,12
1993,Y13,1419,Y,13
1993,Y14,1191,Y,14
1993,Y15,1398,Y,15
1993,Y16,1351,Y,16
1993,Z01,1276,Z,1
1993,Z02,1112,Z,2
1993,Z03,1435,Z,3
1993,Z04,1210,Z,4
1993,Z05,1307,Z,4
1993,Z06,1228,Z,6
1993,Z07,1396,Z,7
1993,Z08,1235,Z,8
1993,Z09,1417,Z,9
1993,Z10,1281,Z,10
1993,Z11,1253,Z,11
1993,Z12,1203,Z,12
1993,Z13,1380,Z,13
1993,Z14,1129,Z,14
1993,Z15,1365,Z,15
1993,Z16,1157,Z,16
1994,W01,1314,W,1
1994,W02,1163,W,2
1994,W03,1196,W,3
1994,W04,1396,W,4
1994,W05,1231,W,4
1994,W06,1304,W,6
1994,W07,1412,W,7
1994,W08,1450,W,8
1994,W09,1130,W,9
1994,W10,1203,W,10
1994,W11,1335,W,11
1994,W12,1325,W,12
1994,W13,1180,W,13
1994,W14,1241,W,14
1994,W15,1351,W,15
1994,W16,1251,W,16
1994,X01,1345,X,1
1994,X02,1181,X,2
1994,X03,1246,X,3
1994,X04,1242,X,4
1994,X05,1448,X,4
1994,X06,1266,X,6
1994,X07,1277,X,7
1994,X08,1344,X,8
1994,X09,1104,X,9
1994,X10,1371,X,10
1994,X11,1418,X,11
1994,X12,1158,X,12
1994,X13,1151,X,13
1994,X14,1398,X,14
1994,X15,1411,X,15
1994,X16,1416,X,16
1994,Y01,1116,Y,1
1994,Y02,1269,Y,2
1994,Y03,1276,Y,3
1994,Y04,1329,Y,4
1994,Y05,1417,Y,4
1994,Y06,1400,Y,6
1994,Y07,1387,Y,7
1994,Y08,1228,Y,8
1994,Y09,1207,Y,9
1994,Y10,1268,Y,10
1994,Y11,1443,Y,11
1994,Y12,1409,Y,12
1994,Y13,1308,Y,13
1994,Y14,1337,Y,14
1994,Y15,1402,Y,15
1994,Y16,1299,Y,16
1994,Z01,1281,Z,1
1994,Z02,1112,Z,2
1994,Z03,1257,Z,3
1994,Z04,1393,Z,4
1994,Z05,1143,Z,4
1994,Z06,1278,Z,6
1994,Z07,1438,Z,7
1994,Z08,1153,Z,8
1994,Z09,1458,Z,9
1994,Z10,1307,Z,10
1994,Z11,1356,Z,11
1994,Z12,1453,Z,12
1994,Z13,1218,Z,13
1994,Z14,1129,Z,14
1994,Z15,1259,Z,15
1994,Z16,1298,Z,16
1995,W01,1448,W,1
1995,W02,1269,W,2
1995,W03,1437,W,3
1995,W04,1329,W,4
1995,W05,1104,W,4
1995,W06,1409,W,6
1995,W07,1150,W,7
1995,W08,1278,W,8
1995,W09,1387,W,9
1995,W10,1390,W,10
1995,W11,1228,W,11
1995,W12,1335,W,12
1995,W13,1180,W,13
1995,W14,1330,W,14
1995,W15,1389,W,15
1995,W16,1299,W,16
1995,X01,1417,X,1
1995,X02,1163,X,2
1995,X03,1268,X,3
1995,X04,1428,X,4
1995,X05,1280,X,4
1995,X06,1332,X,6
1995,X07,1153,X,7
1995,X08,1281,X,8
1995,X09,1231,X,9
1995,X10,1396,X,10
1995,X11,1400,X,11
1995,X12,1365,X,12
1995,X13,1253,X,13
1995,X14,1211,X,14
1995,X15,1151,X,15
1995,X16,1198,X,16
1995,Y01,1242,Y,1
1995,Y02,1116,Y,2
1995,Y03,1345,Y,3
1995,Y04,1438,Y,4
1995,Y05,1112,Y,4
1995,Y06,1272,Y,6
1995,Y07,1393,Y,7
1995,Y08,1443,Y,8
1995,Y09,1276,Y,9
1995,Y10,1356,Y,10
1995,Y11,1257,Y,11
1995,Y12,1275,Y,12
1995,Y13,1311,Y,13
1995,Y14,1453,Y,14
1995,Y15,1411,Y,15
1995,Y16,1159,Y,16
1995,Z01,1246,Z,1
1995,Z02,1314,Z,2
1995,Z03,1277,Z,3
1995,Z04,1328,Z,4
1995,Z05,1113,Z,4
1995,Z06,1207,Z,6
1995,Z07,1235,Z,7
1995,Z08,1140,Z,8
1995,Z09,1408,Z,9
1995,Z10,1196,Z,10
1995,Z11,1462,Z,11
1995,Z12,1123,Z,12
1995,Z13,1264,Z,13
1995,Z14,1451,Z,14
1995,Z15,1293,Z,15
1995,Z16,1291,Z,16
1996,W01,1269,W,1
1996,W02,1207,W,2
1996,W03,1403,W,3
1996,W04,1266,W,4
1996,W05,1336,W,4
1996,W06,1314,W,6
1996,W07,1307,W,7
1996,W08,1133,W,8
1996,W09,1390,W,9
1996,W10,1243,W,10
1996,W11,1309,W,11
1996,W12,1116,W,12
1996,W13,1284,W,13
1996,W14,1296,W,14
1996,W15,1290,W,15
1996,W16,1416,W,16
1996,X01,1246,X,1
1996,X02,1448,X,2
1996,X03,1437,X,3
1996,X04,1428,X,4
1996,X05,1235,X,4
1996,X06,1257,X,6
1996,X07,1276,X,7
1996,X08,1453,X,8
1996,X09,1439,X,9
1996,X10,1400,X,10
1996,X11,1409,X,11
1996,X12,1143,X,12
1996,X13,1145,X,13
1996,X14,1339,X,14
1996,X15,1419,X,15
1996,X16,1363,X,16
1996,Y01,1163,Y,1
1996,Y02,1153,Y,2
1996,Y03,1210,Y,3
1996,Y04,1417,Y,4
1996,Y05,1280,Y,4
1996,Y06,1231,Y,6
1996,Y07,1396,Y,7
1996,Y08,1181,Y,8
1996,Y09,1185,Y,9
1996,Y10,1328,Y,10
1996,Y11,1130,Y,11
1996,Y12,1433,Y,12
1996,Y13,1343,Y,13
1996,Y14,1122,Y,14
1996,Y15,1422,Y,15
1996,Y16,1159,Y,16
1996,Z01,1345,Z,1
1996,Z02,1242,Z,2
1996,Z03,1112,Z,3
1996,Z04,1393,Z,4
1996,Z05,1272,Z,4
1996,Z06,1234,Z,6
1996,Z07,1268,Z,7
1996,Z08,1208,Z,8
1996,Z09,1155,Z,9
1996,Z10,1365,Z,10
1996,Z11,1203,Z,11
1996,Z12,1180,Z,12
1996,Z13,1286,Z,13
1996,Z14,1434,Z,14
1996,Z15,1354,Z,15
1996,Z16,1441,Z,16
1997,W01,1314,W,1
1997,W02,1376,W,2
1997,W03,1307,W,3
1997,W04,1437,W,4
1997,W05,1143,W,4
1997,W06,1257,W,6
1997,W07,1458,W,7
1997,W08,1231,W,8
1997,W09,1160,W,9
1997,W10,1400,W,10
1997,W11,1269,W,11
1997,W12,1343,W,12
1997,W13,1254,W,13
1997,W14,1330,W,14
1997,W15,1164,W,15
1997,W16,1193,W,16
1997,X01,1242,X,1
1997,X02,1181,X,2
1997,X03,1208,X,3
1997,X04,1112,X,4
1997,X05,1268,X,4
1997,X06,1228,X,6
1997,X07,1266,X,7
1997,X08,1345,X,8
1997,X09,1348,X,9
1997,X10,1344,X,10
1997,X11,1425,X,11
1997,X12,1158,X,12
1997,X13,1375,X,13
1997,X14,1151,X,14
1997,X15,1293,X,15
1997,X16,1238,X,16
1997,Y01,1278,Y,1
1997,Y02,1417,Y,2
1997,Y03,1153,Y,3
1997,Y04,1155,Y,4
1997,Y05,1409,Y,4
1997,Y06,1235,Y,6
1997,Y07,1462,Y,7
1997,Y08,1279,Y,8
1997,Y09,1396,Y,9
1997,Y10,1435,Y,10
1997,Y11,1229,Y,11
1997,Y12,1131,Y,12
1997,Y13,1275,Y,13
1997,Y14,1139,Y,14
1997,Y15,1149,Y,15
1997,Y16,1402,Y,16
1997,Z01,1246,Z,1
1997,Z02,1428,Z,2
1997,Z03,1448,Z,3
1997,Z04,1386,Z,4
1997,Z05,1130,Z,4
1997,Z06,1390,Z,6
1997,Z07,1150,Z,7
1997,Z08,1234,Z,8
1997,Z09,1438,Z,9
1997,Z10,1207,Z,10
1997,Z11,1328,Z,11
1997,Z12,1434,Z,12
1997,Z13,1334,Z,13
1997,Z14,1388,Z,14
1997,Z15,1298,Z,15
1997,Z16,1285,Z,16
1998,W01,1314,W,1
1998,W02,1163,W,2
1998,W03,1376,W,3
1998,W04,1277,W,4
1998,W05,1343,W,4
1998,W06,1462,W,6
1998,W07,1231,W,7
1998,W08,1150,W,8
1998,W09,1227,W,9
1998,W10,1328,W,10
1998,W11,1449,W,11
1998,W12,1424,W,12
1998,W13,1185,W,13
1998,W14,1350,W,14
1998,W15,1192,W,15
1998,W16,1298,W,16
1998,X01,1112,X,1
1998,X02,1153,X,2
1998,X03,1428,X,3
1998,X04,1268,X,4
1998,X05,1228,X,4
1998,X06,1116,X,6
1998,X07,1396,X,7
1998,X08,1397,X,8
1998,X09,1229,X,9
1998,X10,1452,X,10
1998,X11,1304,X,11
1998,X12,1375,X,12
1998,X13,1429,X,13
1998,X14,1362,X,14
1998,X15,1319,X,15
1998,X16,1311,X,16
1998,Y01,1242,Y,1
1998,Y02,1345,Y,2
1998,Y03,1390,Y,3
1998,Y04,1279,Y,4
1998,Y05,1395,Y,4
1998,Y06,1155,Y,6
1998,Y07,1385,Y,7
1998,Y08,1348,Y,8
1998,Y09,1293,Y,9
1998,Y10,1178,Y,10
1998,Y11,1444,Y,11
1998,Y12,1199,Y,12
1998,Y13,1434,Y,13
1998,Y14,1158,Y,14
1998,Y15,1174,Y,15
1998,Y16,1341,Y,16
1998,Z01,1181,Z,1
1998,Z02,1246,Z,2
1998,Z03,1276,Z,3
1998,Z04,1307,Z,4
1998,Z05,1393,Z,4
1998,Z06,1417,Z,6
1998,Z07,1269,Z,7
1998,Z08,1329,Z,8
1998,Z09,1203,Z,9
1998,Z10,1387,Z,10
1998,Z11,1274,Z,11
1998,Z12,1233,Z,12
1998,Z13,1139,Z,13
1998,Z14,1172,Z,14
1998,Z15,1354,Z,15
1998,Z16,1347,Z,16
1999,W01,1181,W,1
1999,W02,1274,W,2
1999,W03,1153,W,3
1999,W04,1397,W,4
1999,W05,1458,W,4
1999,W06,1396,W,6
1999,W07,1400,W,7
1999,W08,1158,W,8
1999,W09,1409,W,9
1999,W10,1345,W,10
1999,W11,1245,W,11
1999,W12,1283,W,12
1999,W13,1174,W,13
1999,W14,1206,W,14
1999,W15,1248,W,15
1999,W16,1197,W,16
1999,X01,1277,X,1
1999,X02,1428,X,2
1999,X03,1246,X,3
1999,X04,1112,X,4
1999,X05,1150,X,4
1999,X06,1242,X,6
1999,X07,1449,X,7
1999,X08,1437,X,8
1999,X09,1279,X,9
1999,X10,1275,X,10
1999,X11,1191,X,11
1999,X12,1348,X,12
1999,X13,1328,X,13
1999,X14,1308,X,14
1999,X15,1117,X,15
1999,X16,1291,X,16
1999,Y01,1120,Y,1
1999,Y02,1268,Y,2
1999,Y03,1385,Y,3
1999,Y04,1326,Y,4
1999,Y05,1417,Y,4
1999,Y06,1231,Y,6
1999,Y07,1257,Y,7
1999,Y08,1393,Y,8
1999,Y09,1329,Y,9
1999,Y10,1166,Y,10
1999,Y11,1203,Y,11
1999,Y12,1178,Y,12
1999,Y13,1293,Y,13
1999,Y14,1359,Y,14
1999,Y15,1434,Y,15
1999,Y16,1457,Y,16
1999,Z01,1163,Z,1
1999,Z02,1390,Z,2
1999,Z03,1314,Z,3
1999,Z04,1116,Z,4
1999,Z05,1234,Z,4
1999,Z06,1196,Z,6
1999,Z07,1278,Z,7
1999,Z08,1281,Z,8
1999,Z09,1307,Z,9
1999,Z10,1211,Z,10
1999,Z11,1335,Z,11
1999,Z12,1412,Z,12
1999,Z13,1373,Z,13
1999,Z14,1451,Z,14
1999,Z15,1108,Z,15
1999,Z16,1427,Z,16
2000,W01,1181,W,1
2000,W02,1396,W,2
2000,W03,1329,W,3
2000,W04,1228,W,4
2000,W05,1196,W,4
2000,W06,1231,W,6
2000,W07,1332,W,7
2000,W08,1242,W,8
2000,W09,1177,W,9
2000,W10,1371,W,10
2000,W11,1337,W,11
2000,W12,1139,W,12
2000,W13,1335,W,13
2000,W14,1220,W,14
2000,W15,1248,W,15
2000,W16,1249,W,16
2000,X01,1390,X,1
2000,X02,1153,X,2
2000,X03,1326,X,3
2000,X04,1397,X,4
2000,X05,1163,X,4
2000,X06,1274,X,6
2000,X07,1409,X,7
2000,X08,1314,X,8
2000,X09,1281,X,9
2000,X10,1424,X,10
2000,X11,1116,X,11
2000,X12,1429,X,12
2000,X13,1418,X,13
2000,X14,1111,X,14
2000,X15,1423,X,15
2000,X16,1354,X,16
2000,Y01,1277,Y,1
2000,Y02,1235,Y,2
2000,Y03,1268,Y,3
2000,Y04,1393,Y,4
2000,Y05,1246,Y,4
2000,Y06,1417,Y,6
2000,Y07,1120,Y,7
2000,Y08,1428,Y,8
2000,Y09,1387,Y,9
2000,Y10,1166,Y,10
2000,Y11,1123,Y,11
2000,Y12,1382,Y,12
2000,Y13,1359,Y,13
2000,Y14,1233,Y,14
2000,Y15,1148,Y,15
2000,Y16,1434,Y,16
2000,Z01,1112,Z,1
2000,Z02,1385,Z,2
2000,Z03,1328,Z,3
2000,Z04,1261,Z,4
2000,Z05,1400,Z,4
2000,Z06,1345,Z,6
2000,Z07,1257,Z,7
2000,Z08,1458,Z,8
2000,Z09,1201,Z,9
2000,Z10,1211,Z,10
2000,Z11,1173,Z,11
2000,Z12,1232,Z,12
2000,Z13,1369,Z,13
2000,Z14,1457,Z,14
2000,Z15,1319,Z,15
2000,Z16,1238,Z,16
2001,W01,1181,W,1
2001,W02,1246,W,2
2001,W03,1130,W,3
2001,W04,1417,W,4
2001,W05,1326,W,4
2001,W06,1425,W,6
2001,W07,1234,W,7
2001,W08,1208,W,8
2001,W09,1281,W,9
2001,W10,1166,W,10
2001,W11,1329,W,11
2001,W12,1429,W,12
2001,W13,1220,W,13
2001,W14,1381,W,14
2001,W15,1221,W,15
2001,W16,1284,W,16
2001,X01,1390,X,1
2001,X02,1235,X,2
2001,X03,1268,X,3
2001,X04,1231,X,4
2001,X05,1153,X,4
2001,X06,1458,X,6
2001,X07,1116,X,7
2001,X08,1210,X,8
2001,X09,1386,X,9
2001,X10,1207,X,10
2001,X11,1209,X,11
2001,X12,1140,X,12
2001,X13,1245,X,13
2001,X14,1206,X,14
2001,X15,1214,X,15
2001,X16,1422,X,16
2001,Y01,1228,Y,1
2001,Y02,1112,Y,2
2001,Y03,1279,Y,3
2001,Y04,1242,Y,4
2001,Y05,1393,Y,4
2001,Y06,1323,Y,6
2001,Y07,1448,Y,7
2001,Y08,1397,Y,8
2001,Y09,1150,Y,9
2001,Y10,1139,Y,10
2001,Y11,1462,Y,11
2001,Y12,1218,Y,12
2001,Y13,1169,Y,13
2001,Y14,1233,Y,14
2001,Y15,1183,Y,15
2001,Y16a,1322,Y,16
2001,Y16b,1457,Y,16
2001,Z01,1277,Z,1
2001,Z02,1314,Z,2
2001,Z03,1196,Z,3
2001,Z04,1328,Z,4
2001,Z05,1438,Z,4
2001,Z06,1400,Z,6
2001,Z07,1336,Z,7
2001,Z08,1143,Z,8
2001,Z09,1201,Z,9
2001,Z10,1344,Z,10
2001,Z11,1396,Z,11
2001,Z12,1211,Z,12
2001,Z13,1232,Z,13
2001,Z14,1443,Z,14
2001,Z15,1343,Z,15
2001,Z16,1106,Z,16
2002,W01,1268,W,1
2002,W02,1163,W,2
2002,W03,1208,W,3
2002,W04,1246,W,4
2002,W05,1266,W,4
2002,W06,1403,W,6
2002,W07,1301,W,7
2002,W08,1458,W,8
2002,W09,1385,W,9
2002,W10,1277,W,10
2002,W11,1356,W,11
2002,W12,1409,W,12
2002,W13,1434,W,13
2002,W14,1293,W,14
2002,W15,1214,W,15
2002,W16a,1108,W,16
2011,Z11b,1433,Z,11
2002,X01,1242,X,1
2002,X02,1332,X,2
2002,X03,1280,X,3
2002,X04,1228,X,4
2002,X05,1196,X,4
2002,X06,1400,X,6
2002,X07,1448,X,7
2002,X08,1390,X,8
2002,X09,1443,X,9
2002,X10,1337,X,10
2002,X11,1130,X,11
2002,X12,1166,X,12
2002,X13,1361,X,13
2002,X14,1270,X,14
2002,X15,1285,X,15
2002,X16,1221,X,16
2002,Y01,1181,Y,1
2002,Y02,1104,Y,2
2002,Y03,1338,Y,3
2002,Y04,1425,Y,4
2002,Y05,1231,Y,4
2002,Y06,1143,Y,6
2002,Y07,1329,Y,7
2002,Y08,1323,Y,8
2002,Y09,1150,Y,9
2002,Y10,1245,Y,10
2002,Y11,1335,Y,11
2002,Y12,1428,Y,12
2002,Y13,1423,Y,13
2002,Y14,1148,Y,14
2002,Y15,1194,Y,15
2002,Y16,1457,Y,16
2002,Z01,1153,Z,1
2002,Z02,1328,Z,2
2002,Z03,1112,Z,3
2002,Z04,1326,Z,4
2002,Z05,1274,Z,4
2002,Z06,1211,Z,6
2002,Z07,1462,Z,7
2002,Z08,1417,Z,8
2002,Z09,1279,Z,9
2002,Z10,1218,Z,10
2002,Z11,1461,Z,11
2002,Z12,1281,Z,12
2002,Z13,1172,Z,13
2002,Z14,1364,Z,14
2002,Z15,1227,Z,15
2002,Z16,1131,Z,16
2003,W01,1328,W,1
2003,W02,1448,W,2
2003,W03,1393,W,3
2003,W04,1257,W,4
2003,W05,1280,W,4
2003,W06,1329,W,6
2003,W07,1386,W,7
2003,W08,1143,W,8
2003,W09,1301,W,9
2003,W10,1120,W,10
2003,W11,1335,W,11
2003,W12,1139,W,12
2003,W13,1122,W,13
2003,W14,1264,W,14
2003,W15,1190,W,15
2003,W16,1354,W,16
2003,X01,1400,X,1
2003,X02,1196,X,2
2003,X03,1462,X,3
2003,X04,1390,X,4
2003,X05,1163,X,4
2003,X06,1268,X,6
2003,X07,1277,X,7
2003,X08,1261,X,8
2003,X09,1345,X,9
2003,X10,1160,X,10
2003,X11,1423,X,11
2003,X12,1140,X,12
2003,X13,1360,X,13
2003,X14,1407,X,14
2003,X15,1358,X,15
2003,X16a,1411,X,16
2013,Y11b,1388,Y,11
2003,Y01,1246,Y,1
2003,Y02,1338,Y,2
2003,Y03,1266,Y,3
2003,Y04,1173,Y,4
2003,Y05,1458,Y,4
2003,Y06,1281,Y,6
2003,Y07,1231,Y,7
2003,Y08,1332,Y,8
2003,Y09,1428,Y,9
2003,Y10,1104,Y,10
2003,Y11,1356,Y,11
2003,Y12,1451,Y,12
2003,Y13,1409,Y,13
2003,Y14,1221,Y,14
2003,Y15,1447,Y,15
2003,Y16,1237,Y,16
2003,Z01,1112,Z,1
2003,Z02,1242,Z,2
2003,Z03,1181,Z,3
2003,Z04,1228,Z,4
2003,Z05,1323,Z,4
2003,Z06,1166,Z,6
2003,Z07,1272,Z,7
2003,Z08,1153,Z,8
2003,Z09,1211,Z,9
2003,Z10,1113,Z,10
2003,Z11,1141,Z,11
2003,Z12,1454,Z,12
2003,Z13,1443,Z,13
2003,Z14,1161,Z,14
2003,Z15,1429,Z,15
2003,Z16,1436,Z,16
2004,W01,1181,W,1
2004,W02,1280,W,2
2004,W03,1400,W,3
2004,W04,1153,W,4
2004,W05,1228,W,4
2004,W06,1314,W,6
2004,W07,1462,W,7
2004,W08,1371,W,8
2004,W09,1112,W,9
2004,W10,1257,W,10
2004,W11,1102,W,11
2004,W12,1293,W,12
2004,W13,1190,W,13
2004,W14,1343,W,14
2004,W15,1284,W,15
2004,W16,1106,W,16
2004,X01,1390,X,1
2004,X02,1163,X,2
2004,X03,1301,X,3
2004,X04,1268,X,4
2004,X05,1393,X,4
2004,X06,1435,X,6
2004,X07,1177,X,7
2004,X08,1104,X,8
2004,X09,1356,X,9
2004,X10,1173,X,10
2004,X11,1444,X,11
2004,X12,1140,X,12
2004,X13,1431,X,13
2004,X14,1418,X,14
2004,X15,1436,X,15
2004,X16,1427,X,16
2004,Y01,1386,Y,1
2004,Y02,1329,Y,2
2004,Y03,1338,Y,3
2004,Y04,1448,Y,4
2004,Y05,1196,Y,4
2004,Y06,1458,Y,6
2004,Y07,1272,Y,7
2004,Y08,1403,Y,8
2004,Y09,1150,Y,9
2004,Y10,1376,Y,10
2004,Y11,1350,Y,11
2004,Y12,1264,Y,12
2004,Y13,1433,Y,13
2004,Y14,1416,Y,14
2004,Y15,1186,Y,15
2004,Y16,1251,Y,16
2004,Z01,1246,Z,1
2004,Z02,1211,Z,2
2004,Z03,1210,Z,3
2004,Z04,1242,Z,4
2004,Z05,1344,Z,4
2004,Z06,1130,Z,6
2004,Z07,1277,Z,7
2004,Z08,1449,Z,8
2004,Z09,1412,Z,9
2004,Z10,1305,Z,10
2004,Z11,1428,Z,11
2004,Z12,1334,Z,12
2004,Z13,1227,Z,13
2004,Z14,1320,Z,14
2004,Z15,1434,Z,15
2004,Z16a,1197,Z,16
2014,Y11b,1397,Y,11
2005,W01,1449,W,1
2005,W02,1448,W,2
2005,W03,1211,W,3
2005,W04,1257,W,4
2005,W05,1210,W,4
2005,W06,1403,W,6
2005,W07,1452,W,7
2005,W08,1334,W,8
2005,W09,1338,W,9
2005,W10,1166,W,10
2005,W11,1417,W,11
2005,W12,1203,W,12
2005,W13,1418,W,13
2005,W14,1457,W,14
2005,W15,1151,W,15
2005,W16,1285,W,16
2005,X01,1228,X,1
2005,X02,1329,X,2
2005,X03,1112,X,3
2005,X04,1130,X,4
2005,X05,1104,X,4
2005,X06,1261,X,6
2005,X07,1356,X,7
2005,X08,1400,X,8
2005,X09,1305,X,9
2005,X10,1388,X,10
2005,X11,1412,X,11
2005,X12,1454,X,12
2005,X13,1335,X,13
2005,X14,1429,X,14
2005,X15,1368,X,15
2005,X16,1192,X,16
2005,Y01,1181,Y,1
2005,Y02,1246,Y,2
2005,Y03,1328,Y,3
2005,Y04,1393,Y,4
2005,Y05,1277,Y,4
2005,Y06,1428,Y,6
2005,Y07,1153,Y,7
2005,Y08,1390,Y,8
2005,Y09,1280,Y,9
2005,Y10,1234,Y,10
2005,Y11,1431,Y,11
2005,Y12,1330,Y,12
2005,Y13,1436,Y,13
2005,Y14,1310,Y,14
2005,Y15,1184,Y,15
2005,Y16,1175,Y,16
2005,Z01,1314,Z,1
2005,Z02,1163,Z,2
2005,Z03,1242,Z,3
2005,Z04,1196,Z,4
2005,Z05,1437,Z,4
2005,Z06,1458,Z,6
2005,Z07,1150,Z,7
2005,Z08,1278,Z,8
2005,Z09,1235,Z,9
2005,Z10,1301,Z,10
2005,Z11,1320,Z,11
2005,Z12,1307,Z,12
2005,Z13,1325,Z,13
2005,Z14,1137,Z,14
2005,Z15,1416,Z,15
2005,Z16a,1105,Z,16
2015,W11b,1173,W,11
2006,W01,1181,W,1
2006,W02,1400,W,2
2006,W03,1234,W,3
2006,W04,1261,W,4
2006,W05,1393,W,4
2006,W06,1452,W,6
2006,W07,1143,W,7
2006,W08,1203,W,8
2006,W09,1423,W,9
2006,W10,1301,W,10
2006,W11,1356,W,11
2006,W12,1401,W,12
2006,W13,1233,W,13
2006,W14,1322,W,14
2006,W15,1335,W,15
2006,W16,1380,W,16
2006,X01,1272,X,1
2006,X02,1417,X,2
2006,X03,1211,X,3
2006,X04,1242,X,4
2006,X05,1338,X,4
2006,X06,1231,X,6
2006,X07,1266,X,7
2006,X08,1116,X,8
2006,X09,1137,X,9
2006,X10,1104,X,10
2006,X11,1361,X,11
2006,X12,1245,X,12
2006,X13,1133,X,13
2006,X14,1462,X,14
2006,X15,1125,X,15
2006,X16,1331,X,16
2006,Y01,1437,Y,1
2006,Y02,1326,Y,2
2006,Y03,1196,Y,3
2006,Y04,1130,Y,4
2006,Y05,1305,Y,4
2006,Y06,1328,Y,6
2006,Y07,1207,Y,7
2006,Y08,1112,Y,8
2006,Y09,1458,Y,9
2006,Y10,1320,Y,10
2006,Y11,1454,Y,11
2006,Y12,1285,Y,12
2006,Y13,1334,Y,13
2006,Y14,1375,Y,14
2006,Y15,1172,Y,15
2006,Y16a,1214,Y,16
2015,Z11b,1279,Z,11
2006,Z01,1163,Z,1
2006,Z02,1397,Z,2
2006,Z03,1314,Z,3
2006,Z04,1228,Z,4
2006,Z05,1449,Z,4
2006,Z06,1277,Z,6
2006,Z07,1455,Z,7
2006,Z08,1246,Z,8
2006,Z09,1412,Z,9
2006,Z10,1371,Z,10
2006,Z11,1206,Z,11
2006,Z12,1429,Z,12
2006,Z13,1102,Z,13
2006,Z14,1293,Z,14
2006,Z15,1457,Z,15
2006,Z16,1107,Z,16
2007,W01,1314,W,1
2007,W02,1207,W,2
2007,W03,1450,W,3
2007,W04,1400,W,4
2007,W05,1425,W,4
2007,W06,1435,W,6
2007,W07,1130,W,7
2007,W08,1266,W,8
2007,W09,1277,W,9
2007,W10,1403,W,10
2007,W11,1203,W,11
2007,W12,1116,W,12
2007,W13,1308,W,13
2007,W14,1331,W,14
2007,W15,1125,W,15
2007,W16,1184,W,16
2007,X01,1326,X,1
2007,X02,1272,X,2
2007,X03,1401,X,3
2007,X04,1438,X,4
2007,X05,1397,X,4
2007,X06,1257,X,6
2007,X07,1305,X,7
2007,X08,1140,X,8
2007,X09,1462,X,9
2007,X10,1166,X,10
2007,X11,1390,X,11
2007,X12,1253,X,12
2007,X13,1107,X,13
2007,X14,1335,X,14
2007,X15,1317,X,15
2007,X16,1148,X,16
2007,Y01,1196,Y,1
2007,Y02,1458,Y,2
2007,Y03,1332,Y,3
2007,Y04,1268,Y,4
2007,Y05,1139,Y,4
2007,Y06,1323,Y,6
2007,Y07,1424,Y,7
2007,Y08,1112,Y,8
2007,Y09,1345,Y,9
2007,Y10,1210,Y,10
2007,Y11,1457,Y,11
2007,Y12,1330,Y,12
2007,Y13,1172,Y,13
2007,Y14,1275,Y,14
2007,Y15,1394,Y,15
2007,Y16,1238,Y,16
2007,Z01,1242,Z,1
2007,Z02,1417,Z,2
2007,Z03,1338,Z,3
2007,Z04,1356,Z,4
2007,Z05,1439,Z,4
2007,Z06,1181,Z,6
2007,Z07,1231,Z,7
2007,Z08,1246,Z,8
2007,Z09,1437,Z,9
2007,Z10,1211,Z,10
2007,Z11,1433,Z,11
2007,Z12,1228,Z,12
2007,Z13,1221,Z,13
2007,Z14,1460,Z,14
2007,Z15,1451,Z,15
2007,Z16a,1197,Z,16
2016,W11b,1409,W,11
2008,W01,1314,W,1
2008,W02,1397,W,2
2008,W03,1257,W,3
2008,W04,1450,W,4
2008,W05,1323,W,4
2008,W06,1328,W,6
2008,W07,1139,W,7
2008,W08,1231,W,8
2008,W09,1116,W,9
2008,W10,1375,W,10
2008,W11,1386,W,11
2008,W12,1206,W,12
2008,W13,1457,W,13
2008,W14,1129,W,14
2008,W15,1110,W,15
2008,W16a,1164,W,16
2016,Y11b,1455,Y,11
2008,X01,1242,X,1
2008,X02,1207,X,2
2008,X03,1458,X,3
2008,X04,1435,X,4
2008,X05,1155,X,4
2008,X06,1425,X,6
2008,X07,1211,X,7
2008,X08,1424,X,8
2008,X09,1245,X,9
2008,X10,1172,X,10
2008,X11,1243,X,11
2008,X12,1437,X,12
2008,X13,1373,X,13
2008,X14,1168,X,14
2008,X15,1420,X,15
2008,X16,1340,X,16
2008,Y01,1272,Y,1
2008,Y02,1400,Y,2
2008,Y03,1390,Y,3
2008,Y04,1338,Y,4
2008,Y05,1277,Y,4
2008,Y06,1266,Y,6
2008,Y07,1274,Y,7
2008,Y08,1280,Y,8
2008,Y09,1332,Y,9
2008,Y10,1388,Y,10
2008,Y11,1246,Y,11
2008,Y12,1396,Y,12
2008,Y13,1331,Y,13
2008,Y14,1165,Y,14
2008,Y15,1122,Y,15
2008,Y16,1426,Y,16
2008,Z01,1417,Z,1
2008,Z02,1181,Z,2
2008,Z03,1462,Z,3
2008,Z04,1163,Z,4
2008,Z05,1179,Z,4
2008,Z06,1345,Z,6
2008,Z07,1452,Z,7
2008,Z08,1140,Z,8
2008,Z09,1401,Z,9
2008,Z10,1112,Z,10
2008,Z11,1124,Z,11
2008,Z12,1443,Z,12
2008,Z13,1360,Z,13
2008,Z14,1208,Z,14
2008,Z15,1125,Z,15
2008,Z16,1290,Z,16
2009,W01,1338,W,1
2009,W02,1181,W,2
2009,W03,1437,W,3
2009,W04,1462,W,4
2009,W05,1199,W,4
2009,W06,1417,W,6
2009,W07,1400,W,7
2009,W08,1329,W,8
2009,W09,1397,W,9
2009,W10,1278,W,10
2009,W11,1433,W,11
2009,W12,1458,W,12
2009,W13,1340,W,13
2009,W14,1110,W,14
2009,W15,1127,W,15
2009,W16,1190,W,16
2009,X01,1314,X,1
2009,X02,1328,X,2
2009,X03,1393,X,3
2009,X04,1211,X,4
2009,X05,1228,X,4
2009,X06,1113,X,6
2009,X07,1155,X,7
2009,X08,1261,X,8
2009,X09,1139,X,9
2009,X10,1276,X,10
2009,X11,1396,X,11
2009,X12,1443,X,12
2009,X13,1103,X,13
2009,X14,1372,X,14
2009,X15,1288,X,15
2009,X16,1347,X,16
2009,Y01,1257,Y,1
2009,Y02,1277,Y,2
2009,Y03,1242,Y,3
2009,Y04,1448,Y,4
2009,Y05,1428,Y,4
2009,Y06,1452,Y,6
2009,Y07,1130,Y,7
2009,Y08,1326,Y,8
2009,Y09,1373,Y,9
2009,Y10,1425,Y,10
2009,Y11,1173,Y,11
2009,Y12,1112,Y,12
2009,Y13,1156,Y,13
2009,Y14,1295,Y,14
2009,Y15,1352,Y,15
2009,Y16a,1106,Y,16
2017,W11b,1425,W,11
2009,Z01,1163,Z,1
2009,Z02,1272,Z,2
2009,Z03,1281,Z,3
2009,Z04,1449,Z,4
2009,Z05,1345,Z,4
2009,Z06,1266,Z,6
2009,Z07,1143,Z,7
2009,Z08,1140,Z,8
2009,Z09,1401,Z,9
2009,Z10,1268,Z,10
2009,Z11,1429,Z,11
2009,Z12,1320,Z,12
2009,Z13,1280,Z,13
2009,Z14,1165,Z,14
2009,Z15,1169,Z,15
2009,Z16,1151,Z,16
2010,W01,1246,W,1
2010,W02,1452,W,2
2010,W03,1307,W,3
2010,W04,1458,W,4
2010,W05,1396,W,4
2010,W06,1266,W,6
2010,W07,1155,W,7
2010,W08,1400,W,8
2010,W09,1448,W,9
2010,W10,1281,W,10
2010,W11,1449,W,11
2010,W12,1165,W,12
2010,W13,1459,W,13
2010,W14,1285,W,14
2010,W15,1288,W,15
2010,W16,1190,W,16
2010,X01,1181,X,1
2010,X02,1437,X,2
2010,X03,1124,X,3
2010,X04,1345,X,4
2010,X05,1401,X,4
2010,X06,1323,X,6
2010,X07,1350,X,7
2010,X08,1143,X,8
2010,X09,1257,X,9
2010,X10,1388,X,10
2010,X11,1330,X,11
2010,X12,1429,X,12
2010,X13,1373,X,13
2010,X14,1358,X,14
2010,X15,1352,X,15
2010,X16a,1115,X,16
2017,Z11b,1448,Z,11
2010,Y01,1242,Y,1
2010,Y02,1326,Y,2
2010,Y03,1207,Y,3
2010,Y04,1268,Y,4
2010,Y05,1277,Y,4
2010,Y06,1397,Y,6
2010,Y07,1329,Y,7
2010,Y08,1424,Y,8
2010,Y09,1320,Y,9
2010,Y10,1210,Y,10
2010,Y11,1361,Y,11
2010,Y12,1308,Y,12
2010,Y13,1222,Y,13
2010,Y14,1325,Y,14
2010,Y15,1364,Y,15
2010,Y16,1250,Y,16
2010,Z01,1393,Z,1
2010,Z02,1243,Z,2
2010,Z03,1338,Z,3
2010,Z04,1435,Z,4
2010,Z05,1139,Z,4
2010,Z06,1462,Z,6
2010,Z07,1140,Z,7
2010,Z08,1211,Z,8
2010,Z09,1199,Z,9
2010,Z10,1196,Z,10
2010,Z11,1278,Z,11
2010,Z12,1431,Z,12
2010,Z13,1293,Z,13
2010,Z14,1324,Z,14
2010,Z15,1317,Z,15
2010,Z16,1436,Z,16
2011,W01,1326,W,1
2011,W02,1314,W,2
2011,W03,1393,W,3
2011,W04,1246,W,4
2011,W05,1452,W,4
2011,W06,1462,W,6
2011,W07,1449,W,7
2011,W08,1206,W,8
2011,W09,1437,W,9
2011,W10,1208,W,10
2011,W11,1266,W,11
2011,W12a,1155,W,12
2018,W11b,1417,W,11
2011,W13,1343,W,13
2011,W14,1232,W,14
2011,W15,1254,W,15
2011,W16a,1106,W,16
2018,X11b,1393,X,11
2011,X01,1181,X,1
2011,X02,1361,X,2
2011,X03,1163,X,3
2011,X04,1400,X,4
2011,X05,1112,X,4
2011,X06,1153,X,6
2011,X07,1396,X,7
2011,X08,1276,X,8
2011,X09,1397,X,9
2011,X10,1336,X,10
2011,X11,1281,X,11
2011,X12,1272,X,12
2011,X13,1324,X,13
2011,X14,1137,X,14
2011,X15,1294,X,15
2011,X16,1214,X,16
2011,Y01,1338,Y,1
2011,Y02,1196,Y,2
2011,Y03,1140,Y,3
2011,Y04,1458,Y,4
2011,Y05,1243,Y,4
2011,Y06,1385,Y,6
2011,Y07,1417,Y,7
2011,Y08,1139,Y,8
2011,Y09,1330,Y,9
2011,Y10,1277,Y,10
2011,Y11,1211,Y,11
2011,Y12,1429,Y,12
2011,Y13,1125,Y,13
2011,Y14,1459,Y,14
2011,Y15,1364,Y,15
2011,Y16a,1114,Y,16
2011,W12b,1412,W,12
2011,Z01,1242,Z,1
2011,Z02,1323,Z,2
2011,Z03,1345,Z,3
2011,Z04,1257,Z,4
2011,Z05,1435,Z,4
2011,Z06,1207,Z,6
2011,Z07,1401,Z,7
2011,Z08,1424,Z,8
2011,Z09,1228,Z,9
2011,Z10,1199,Z,10
2011,Z11a,1425,Z,11
2012,X12b,1378,X,12
2011,Z12,1350,Z,12
2011,Z13,1287,Z,13
2011,Z14,1389,Z,14
2011,Z15,1103,Z,15
2011,Z16,1131,Z,16
2012,W01,1393,W,1
2012,W02,1326,W,2
2012,W03,1199,W,3
2012,W04,1458,W,4
2012,W05,1435,W,4
2012,W06,1153,W,6
2012,W07,1211,W,7
2012,W08,1243,W,8
2012,W09,1379,W,9
2012,W10,1452,W,10
2012,W11,1400,W,11
2012,W12,1217,W,12
2012,W13,1285,W,13
2012,W14,1382,W,14
2012,W15,1259,W,15
2012,W16,1421,W,16
2012,X01,1314,X,1
2012,X02,1242,X,2
2012,X03,1207,X,3
2012,X04,1276,X,4
2012,X05,1396,X,4
2012,X06,1361,X,6
2012,X07,1388,X,7
2012,X08,1166,X,8
2012,X09,1104,X,9
2012,X10,1345,X,10
2012,X11,1301,X,11
2012,X12a,1143,X,12
2014,Y12b,1462,Y,12
2012,X13,1325,X,13
2012,X14,1125,X,14
2012,X15,1178,X,15
2012,X16a,1249,X,16
2013,Z13b,1247,Z,13
2012,Y01,1246,Y,1
2012,Y02,1181,Y,2
2012,Y03,1124,Y,3
2012,Y04,1231,Y,4
2012,Y05,1455,Y,4
2012,Y06,1424,Y,6
2012,Y07,1323,Y,7
2012,Y08,1235,Y,8
2012,Y09,1163,Y,9
2012,Y10,1462,Y,10
2012,Y11,1160,Y,11
2012,Y12,1433,Y,12
2012,Y13,1308,Y,13
2012,Y14,1355,Y,14
2012,Y15,1250,Y,15
2012,Y16a,1290,Y,16
2012,Z14b,1233,Z,14
2012,Z01,1277,Z,1
2012,Z02,1281,Z,2
2012,Z03,1266,Z,3
2012,Z04,1257,Z,4
2012,Z05,1307,Z,4
2012,Z06,1293,Z,6
2012,Z07,1196,Z,7
2012,Z08,1272,Z,8
2012,Z09,1387,Z,9
2012,Z10,1438,Z,10
2012,Z11,1161,Z,11
2012,Z12,1253,Z,12
2012,Z13,1172,Z,13
2012,Z14a,1140,Z,14
2002,W16b,1373,W,16
2012,Z15,1313,Z,15
2012,Z16,1254,Z,16
2013,W01,1231,W,1
2013,W02,1274,W,2
2013,W03,1266,W,3
2013,W04,1393,W,4
2013,W05,1424,W,4
2013,W06,1139,W,6
2013,W07,1228,W,7
2013,W08,1301,W,8
2013,W09,1396,W,9
2013,W10,1160,W,10
2013,W11,1137,W,11
2013,W12,1143,W,12
2013,W13,1285,W,13
2013,W14,1172,W,14
2013,W15,1334,W,15
2013,W16a,1241,W,16
2003,X16b,1421,X,16
2013,X01,1242,X,1
2013,X02,1207,X,2
2013,X03,1196,X,3
2013,X04,1276,X,4
2013,X05,1433,X,4
2013,X06,1417,X,6
2013,X07,1361,X,7
2013,X08,1314,X,8
2013,X09,1437,X,9
2013,X10,1328,X,10
2013,X11,1278,X,11
2013,X12,1103,X,12
2013,X13,1355,X,13
2013,X14,1322,X,14
2013,X15,1195,X,15
2013,X16,1443,X,16
2013,Y01,1257,Y,1
2013,Y02,1181,Y,2
2013,Y03,1277,Y,3
2013,Y04,1387,Y,4
2013,Y05,1329,Y,4
2013,Y06,1272,Y,6
2013,Y07,1166,Y,7
2013,Y08,1161,Y,8
2013,Y09,1281,Y,9
2013,Y10,1153,Y,10
2013,Y11a,1292,Y,11
2004,Z16b,1250,Z,16
2013,Y12,1332,Y,12
2013,Y13,1308,Y,13
2013,Y14,1434,Y,14
2013,Y15,1107,Y,15
2013,Y16a,1251,Y,16
2005,Z16b,1324,Z,16
2013,Z01,1211,Z,1
2013,Z02,1326,Z,2
2013,Z03,1307,Z,3
2013,Z04,1243,Z,4
2013,Z05,1458,Z,4
2013,Z06,1112,Z,6
2013,Z07,1323,Z,7
2013,Z08,1338,Z,8
2013,Z09,1455,Z,9
2013,Z10,1235,Z,10
2013,Z11,1125,Z,11
2013,Z12,1279,Z,12
2013,Z13a,1129,Z,13
2006,Y16b,1284,Y,16
2013,Z14,1217,Z,14
2013,Z15,1233,Z,15
2013,Z16,1380,Z,16
2014,W01,1438,W,1
2014,W02,1437,W,2
2014,W03,1235,W,3
2014,W04,1277,W,4
2014,W05,1153,W,4
2014,W06,1314,W,6
2014,W07,1163,W,7
2014,W08,1272,W,8
2014,W09,1203,W,9
2014,W10,1386,W,10
2014,W11,1344,W,11
2014,W12,1217,W,12
2014,W13,1174,W,13
2014,W14,1300,W,14
2014,W15,1454,W,15
2014,W16,1157,W,16
2014,X01,1196,X,1
2014,X02,1242,X,2
2014,X03,1393,X,3
2014,X04,1417,X,4
2014,X05,1433,X,4
2014,X06,1326,X,6
2014,X07,1307,X,7
2014,X08,1160,X,8
2014,X09,1338,X,9
2014,X10,1390,X,10
2014,X11,1173,X,11
2014,X12,1372,X,12
2014,X13,1409,X,13
2014,X14,1444,X,14
2014,X15,1184,X,15
2014,X16a,1107,X,16
2007,Z16b,1310,Z,16
2014,Y01,1455,Y,1
2014,Y02,1276,Y,2
2014,Y03,1181,Y,3
2014,Y04,1257,Y,4
2014,Y05,1387,Y,4
2014,Y06,1269,Y,6
2014,Y07,1400,Y,7
2014,Y08,1246,Y,8
2014,Y09,1243,Y,9
2014,Y10,1113,Y,10
2014,Y11a,1234,Y,11
2008,W16b,1291,W,16
2014,Y12a,1301,Y,12
2009,Y16b,1287,Y,16
2014,Y13,1264,Y,13
2014,Y14,1273,Y,14
2014,Y15,1459,Y,15
2014,Y16a,1142,Y,16
2010,X16b,1457,X,16
2014,Z01,1112,Z,1
2014,Z02,1458,Z,2
2014,Z03,1166,Z,3
2014,Z04,1361,Z,4
2014,Z05,1328,Z,4
2014,Z06,1124,Z,6
2014,Z07,1332,Z,7
2014,Z08,1211,Z,8
2014,Z09,1329,Z,9
2014,Z10,1140,Z,10
2014,Z11,1304,Z,11
2014,Z12,1295,Z,12
2014,Z13,1308,Z,13
2014,Z14,1418,Z,14
2014,Z15,1110,Z,15
2014,Z16,1451,Z,16
2015,W01,1437,W,1
2015,W02,1438,W,2
2015,W03,1328,W,3
2015,W04,1257,W,4
2015,W05,1320,W,4
2015,W06,1344,W,6
2015,W07,1277,W,7
2015,W08,1301,W,8
2015,W09,1261,W,9
2015,W10,1208,W,10
2015,W11a,1129,W,11
2011,W16b,1427,W,16
2015,W12,1461,W,12
2015,W13,1414,W,13
2015,W14,1107,W,14
2015,W15,1125,W,15
2015,W16,1248,W,16
2015,X01,1181,X,1
2015,X02,1211,X,2
2015,X03,1235,X,3
2015,X04,1207,X,4
2015,X05,1428,X,4
2015,X06,1374,X,6
2015,X07,1234,X,7
2015,X08,1361,X,8
2015,X09,1385,X,9
2015,X10,1172,X,10
2015,X11,1417,X,11
2015,X12,1372,X,12
2015,X13,1186,X,13
2015,X14,1412,X,14
2015,X15,1295,X,15
2015,X16a,1316,X,16
2011,Y16b,1421,Y,16
2015,Y01,1246,Y,1
2015,Y02,1242,Y,2
2015,Y03,1323,Y,3
2015,Y04,1268,Y,4
2015,Y05,1452,Y,4
2015,Y06,1139,Y,6
2015,Y07,1455,Y,7
2015,Y08,1153,Y,8
2015,Y09,1345,Y,9
2015,Y10,1231,Y,10
2015,Y11,1400,Y,11
2015,Y12,1138,Y,12
2015,Y13,1434,Y,13
2015,Y14,1318,Y,14
2015,Y15,1308,Y,15
2015,Y16a,1214,Y,16
2012,X16b,1436,X,16
2015,Z01,1458,Z,1
2015,Z02,1112,Z,2
2015,Z03,1124,Z,3
2015,Z04,1314,Z,4
2015,Z05,1116,Z,4
2015,Z06,1462,Z,6
2015,Z07,1433,Z,7
2015,Z08,1332,Z,8
2015,Z09,1329,Z,9
2015,Z10,1326,Z,10
2015,Z11a,1140,Z,11
2012,Y16b,1443,Y,16
2015,Z12,1459,Z,12
2015,Z13,1217,Z,13
2015,Z14,1209,Z,14
2015,Z15,1411,Z,15
2015,Z16,1157,Z,16
2016,W01,1314,W,1
2016,W02,1462,W,2
2016,W03,1452,W,3
2016,W04,1246,W,4
2016,W05,1231,W,4
2016,W06,1323,W,6
2016,W07,1458,W,7
2016,W08,1425,W,8
2016,W09,1344,W,9
2016,W10,1338,W,10
2016,W11a,1276,W,11
2013,W16b,1254,W,16
2016,W12,1151,W,12
2016,W13,1392,W,13
2016,W14,1372,W,14
2016,W15,1451,W,15
2016,W16a,1192,W,16
2013,Y16b,1299,Y,16
2016,X01,1438,X,1
2016,X02,1277,X,2
2016,X03,1428,X,3
2016,X04,1235,X,4
2016,X05,1345,X,4
2016,X06,1371,X,6
2016,X07,1173,X,7
2016,X08,1403,X,8
2016,X09,1139,X,9
2016,X10,1393,X,10
2016,X11,1211,X,11
2016,X12,1114,X,12
2016,X13,1233,X,13
2016,X14,1201,X,14
2016,X15,1292,X,15
2016,X16,1214,X,16
2016,Y01,1242,Y,1
2016,Y02,1437,Y,2
2016,Y03,1274,Y,3
2016,Y04,1143,Y,4
2016,Y05,1268,Y,4
2016,Y06,1112,Y,6
2016,Y07,1234,Y,7
2016,Y08,1160,Y,8
2016,Y09,1163,Y,9
2016,Y10,1396,Y,10
2016,Y11a,1435,Y,11
2014,X16b,1291,X,16
2016,Y12,1355,Y,12
2016,Y13,1218,Y,13
2016,Y14,1138,Y,14
2016,Y15,1421,Y,15
2016,Y16,1122,Y,16
2016,Z01,1332,Z,1
2016,Z02,1328,Z,2
2016,Z03,1401,Z,3
2016,Z04,1181,Z,4
2016,Z05,1124,Z,4
2016,Z06,1400,Z,6
2016,Z07,1333,Z,7
2016,Z08,1386,Z,8
2016,Z09,1153,Z,9
2016,Z10,1433,Z,10
2016,Z11,1320,Z,11
2016,Z12,1463,Z,12
2016,Z13,1423,Z,13
2016,Z14,1453,Z,14
2016,Z15,1167,Z,15
2016,Z16a,1221,Z,16
2014,Y16b,1411,Y,16
2017,W01,1437,W,1
2017,W02,1181,W,2
2017,W03,1124,W,3
2017,W04,1196,W,4
2017,W05,1438,W,4
2017,W06,1374,W,6
2017,W07,1376,W,7
2017,W08,1458,W,8
2017,W09,1439,W,9
2017,W10,1266,W,10
2017,W11a,1344,W,11
2015,X16b,1352,X,16
2017,W12,1423,W,12
2017,W13,1190,W,13
2017,W14,1308,W,14
2017,W15,1407,W,15
2017,W16a,1291,W,16
2015,Y16b,1264,Y,16
2017,X01,1211,X,1
2017,X02,1112,X,2
2017,X03,1199,X,3
2017,X04,1452,X,4
2017,X05,1323,X,4
2017,X06,1268,X,6
2017,X07,1388,X,7
2017,X08,1321,X,8
2017,X09,1435,X,9
2017,X10,1433,X,10
2017,X11,1462,X,11
2017,X12,1343,X,12
2017,X13,1137,X,13
2017,X14,1195,X,14
2017,X15,1315,X,15
2017,X16,1355,X,16
2017,Y01,1242,Y,1
2017,Y02,1257,Y,2
2017,Y03,1332,Y,3
2017,Y04,1345,Y,4
2017,Y05,1235,Y,4
2017,Y06,1166,Y,6
2017,Y07,1276,Y,7
2017,Y08,1274,Y,8
2017,Y09,1277,Y,9
2017,Y10,1329,Y,10
2017,Y11,1348,Y,11
2017,Y12,1305,Y,12
2017,Y13,1436,Y,13
2017,Y14,1233,Y,14
2017,Y15,1240,Y,15
2017,Y16a,1300,Y,16
2016,W16b,1195,W,16
2017,Z01,1314,Z,1
2017,Z02,1246,Z,2
2017,Z03,1417,Z,3
2017,Z04,1139,Z,4
2017,Z05,1278,Z,4
2017,Z06,1153,Z,6
2017,Z07,1173,Z,7
2017,Z08,1116,Z,8
2017,Z09,1371,Z,9
2017,Z10,1455,Z,10
2017,Z11a,1243,Z,11
2016,Z16b,1380,Z,16
2017,Z12,1292,Z,12
2017,Z13,1457,Z,13
2017,Z14,1245,Z,14
2017,Z15,1297,Z,15
2017,Z16,1411,Z,16
2018,W01,1437,W,1
2018,W02,1345,W,2
2018,W03,1403,W,3
2018,W04,1455,W,4
2018,W05,1452,W,4
2018,W06,1196,W,6
2018,W07,1116,W,7
2018,W08,1439,W,8
2018,W09,1104,W,9
2018,W10,1139,W,10
2018,W11a,1382,W,11
2017,W16b,1309,W,16
2018,W12,1293,W,12
2018,W13,1267,W,13
2018,W14,1372,W,14
2018,W15,1168,W,15
2018,W16a,1254,W,16
2017,Y16b,1413,Y,16
2018,X01,1242,X,1
2018,X02,1181,X,2
2018,X03,1277,X,3
2018,X04,1120,X,4
2018,X05,1155,X,4
2018,X06,1395,X,6
2018,X07,1348,X,7
2018,X08,1371,X,8
2018,X09,1301,X,9
2018,X10,1328,X,10
2018,X11a,1113,X,11
2018,W16b,1347,W,16
2018,X12,1308,X,12
2018,X13,1158,X,13
2018,X14,1137,X,14
2018,X15,1233,X,15
2018,X16,1335,X,16
2018,Y01,1438,Y,1
2018,Y02,1153,Y,2
2018,Y03,1397,Y,3
2018,Y04,1112,Y,4
2018,Y05,1246,Y,4
2018,Y06,1274,Y,6
2018,Y07,1305,Y,7
2018,Y08,1166,Y,8
2018,Y09,1243,Y,9
2018,Y10,1400,Y,10
2018,Y11,1260,Y,11
2018,Y12,1172,Y,12
2018,Y13,1138,Y,13
2018,Y14,1460,Y,14
2018,Y15,1209,Y,15
2018,Y16,1420,Y,16
2018,Z01,1462,Z,1
2018,Z02,1314,Z,2
2018,Z03,1276,Z,3
2018,Z04,1211,Z,4
2018,Z05,1326,Z,4
2018,Z06,1222,Z,6
2018,Z07,1401,Z,7
2018,Z08,1281,Z,8
2018,Z09,1199,Z,9
2018,Z10,1344,Z,10
2018,Z11,1361,Z,11
2018,Z12,1355,Z,12
2018,Z13,1422,Z,13
2018,Z14,1285,Z,14
2018,Z15,1252,Z,15
2018,Z16a,1300,Z,16
2018,Z16b,1411,Z,16
